<ImportExportXml xmlns:xsi="http://www.w3.org/2001/XMLSchema-instance">
  <Entities></Entities>
  <Roles></Roles>
  <Workflows></Workflows>
  <FieldSecurityProfiles></FieldSecurityProfiles>
  <Templates />
  <RibbonDiffXml>
    <CustomActions>
      <CustomAction Id="espl.new.ApplicationRibbon.OpenImageGallery.Button.CustomAction" Location="Mscrm.Form.{!EntityLogicalName}.MainTab.Save.Controls._children" Sequence="65">
        <CommandUIDefinition>
          <Button Alt="$LocLabels:new.ApplicationRibbon.OpenImageGallery.Button.Alt" Command="new.ApplicationRibbon.OpenImageGallery.Command" Description="It will display images attached to notes " Id="new.ApplicationRibbon.OpenImageGallery.Button" Image32by32="$webresource:espl_button32.png" Image16by16="$webresource:espl_button16.png" LabelText="$LocLabels:new.ApplicationRibbon.OpenImageGallery.Button.LabelText" Sequence="65" TemplateAlias="o2" ToolTipTitle="$LocLabels:new.ApplicationRibbon.OpenImageGallery.Button.ToolTipTitle" ToolTipDescription="$LocLabels:new.ApplicationRibbon.OpenImageGallery.Button.ToolTipDescription" />
        </CommandUIDefinition>
      </CustomAction>
    </CustomActions>
    <Templates>
      <RibbonTemplates Id="Mscrm.Templates"></RibbonTemplates>
    </Templates>
    <CommandDefinitions>
      <CommandDefinition Id="new.ApplicationRibbon.OpenImageGallery.Command">
        <EnableRules />
        <DisplayRules />
        <Actions>
          <JavaScriptFunction FunctionName="openWindow" Library="$webresource:espl_CommandOpenGallary.js" />
        </Actions>
      </CommandDefinition>
    </CommandDefinitions>
    <RuleDefinitions>
      <TabDisplayRules />
      <DisplayRules />
      <EnableRules />
    </RuleDefinitions>
    <LocLabels>
      <LocLabel Id="new.ApplicationRibbon.OpenImageGallery.Button.Alt">
        <Titles>
          <Title description="Image Gallery" languagecode="1033" />
        </Titles>
      </LocLabel>
      <LocLabel Id="new.ApplicationRibbon.OpenImageGallery.Button.LabelText">
        <Titles>
          <Title description="Image Gallery" languagecode="1033" />
        </Titles>
      </LocLabel>
      <LocLabel Id="new.ApplicationRibbon.OpenImageGallery.Button.ToolTipDescription">
        <Titles>
          <Title description="It will display images attached to notes " languagecode="1033" />
        </Titles>
      </LocLabel>
      <LocLabel Id="new.ApplicationRibbon.OpenImageGallery.Button.ToolTipTitle">
        <Titles>
          <Title description="Image Gallery" languagecode="1033" />
        </Titles>
      </LocLabel>
    </LocLabels>
  </RibbonDiffXml>
  <EntityMaps />
  <EntityRelationships />
  <OrganizationSettings>
    <customization>
      <isappmode>False</isappmode>
    </customization>
  </OrganizationSettings>
  <optionsets />
  <WebResources>
    <WebResource>
      <WebResourceId>{f51ff332-28d3-e611-8117-c4346bdcaef1}</WebResourceId>
      <Name>espl_CommandOpenGallary.js</Name>
      <DisplayName>espl_CommandOpenGallary.js</DisplayName>
      <WebResourceType>3</WebResourceType>
      <IntroducedVersion>1.0</IntroducedVersion>
      <IsEnabledForMobileClient>0</IsEnabledForMobileClient>
      <IsCustomizable>1</IsCustomizable>
      <CanBeDeleted>1</CanBeDeleted>
      <IsHidden>0</IsHidden>
      <FileName>/WebResources/espl_CommandOpenGallaryjsF51FF332-28D3-E611-8117-C4346BDCAEF1</FileName>
    </WebResource>
    <WebResource>
      <WebResourceId>{f71ff332-28d3-e611-8117-c4346bdcaef1}</WebResourceId>
      <Name>espl_button16.png</Name>
      <DisplayName>espl_button16.png</DisplayName>
      <WebResourceType>5</WebResourceType>
      <IntroducedVersion>1.0</IntroducedVersion>
      <IsEnabledForMobileClient>0</IsEnabledForMobileClient>
      <IsCustomizable>1</IsCustomizable>
      <CanBeDeleted>1</CanBeDeleted>
      <IsHidden>0</IsHidden>
      <FileName>/WebResources/espl_button16pngF71FF332-28D3-E611-8117-C4346BDCAEF1</FileName>
    </WebResource>
    <WebResource>
      <WebResourceId>{f91ff332-28d3-e611-8117-c4346bdcaef1}</WebResourceId>
      <Name>espl_button32.png</Name>
      <DisplayName>espl_button32.png</DisplayName>
      <WebResourceType>5</WebResourceType>
      <IntroducedVersion>1.0</IntroducedVersion>
      <IsEnabledForMobileClient>0</IsEnabledForMobileClient>
      <IsCustomizable>1</IsCustomizable>
      <CanBeDeleted>1</CanBeDeleted>
      <IsHidden>0</IsHidden>
      <FileName>/WebResources/espl_button32pngF91FF332-28D3-E611-8117-C4346BDCAEF1</FileName>
    </WebResource>
    <WebResource>
      <WebResourceId>{9b3f2e63-7fd1-e611-811a-c4346bdcbf81}</WebResourceId>
      <Name>espl_ImageGallary.html</Name>
      <DisplayName>espl_ImageGallary.html</DisplayName>
      <WebResourceType>1</WebResourceType>
      <IntroducedVersion>1.0</IntroducedVersion>
      <IsEnabledForMobileClient>0</IsEnabledForMobileClient>
      <IsCustomizable>1</IsCustomizable>
      <CanBeDeleted>1</CanBeDeleted>
      <IsHidden>0</IsHidden>
      <FileName>/WebResources/espl_ImageGallaryhtml9B3F2E63-7FD1-E611-811A-C4346BDCBF81</FileName>
    </WebResource>
    <WebResource>
      <WebResourceId>{9d3f2e63-7fd1-e611-811a-c4346bdcbf81}</WebResourceId>
      <Name>espl_app.js</Name>
      <DisplayName>espl_app.js</DisplayName>
      <WebResourceType>3</WebResourceType>
      <IntroducedVersion>1.0</IntroducedVersion>
      <IsEnabledForMobileClient>0</IsEnabledForMobileClient>
      <IsCustomizable>1</IsCustomizable>
      <CanBeDeleted>1</CanBeDeleted>
      <IsHidden>0</IsHidden>
      <FileName>/WebResources/espl_appjs9D3F2E63-7FD1-E611-811A-C4346BDCBF81</FileName>
    </WebResource>
    <WebResource>
      <WebResourceId>{9f3f2e63-7fd1-e611-811a-c4346bdcbf81}</WebResourceId>
      <Name>espl_next.png</Name>
      <DisplayName>espl_next.png</DisplayName>
      <WebResourceType>5</WebResourceType>
      <IntroducedVersion>1.0</IntroducedVersion>
      <IsEnabledForMobileClient>0</IsEnabledForMobileClient>
      <IsCustomizable>1</IsCustomizable>
      <CanBeDeleted>1</CanBeDeleted>
      <IsHidden>0</IsHidden>
      <FileName>/WebResources/espl_nextpng9F3F2E63-7FD1-E611-811A-C4346BDCBF81</FileName>
    </WebResource>
    <WebResource>
      <WebResourceId>{a13f2e63-7fd1-e611-811a-c4346bdcbf81}</WebResourceId>
      <Name>espl_prev.png</Name>
      <DisplayName>espl_prev.png</DisplayName>
      <WebResourceType>5</WebResourceType>
      <IntroducedVersion>1.0</IntroducedVersion>
      <IsEnabledForMobileClient>0</IsEnabledForMobileClient>
      <IsCustomizable>1</IsCustomizable>
      <CanBeDeleted>1</CanBeDeleted>
      <IsHidden>0</IsHidden>
      <FileName>/WebResources/espl_prevpngA13F2E63-7FD1-E611-811A-C4346BDCBF81</FileName>
    </WebResource>
    <WebResource>
      <WebResourceId>{a33f2e63-7fd1-e611-811a-c4346bdcbf81}</WebResourceId>
      <Name>espl_style.css</Name>
      <DisplayName>espl_style.css</DisplayName>
      <WebResourceType>2</WebResourceType>
      <IntroducedVersion>1.0</IntroducedVersion>
      <IsEnabledForMobileClient>0</IsEnabledForMobileClient>
      <IsCustomizable>1</IsCustomizable>
      <CanBeDeleted>1</CanBeDeleted>
      <IsHidden>0</IsHidden>
      <FileName>/WebResources/espl_stylecssA33F2E63-7FD1-E611-811A-C4346BDCBF81</FileName>
    </WebResource>
  </WebResources>
  <Languages>
    <Language>1033</Language>
  </Languages>
</ImportExportXml>