<ImportExportXml xmlns:xsi="http://www.w3.org/2001/XMLSchema-instance">
  <Entities></Entities>
  <Roles></Roles>
  <Workflows></Workflows>
  <FieldSecurityProfiles></FieldSecurityProfiles>
  <Templates />
  <RibbonDiffXml>
    <CustomActions>
      <CustomAction Id="espl.ApplicationRibbon.{!EntityLogicalName}.Button1.Button.CustomAction" Location="Mscrm.Form.{!EntityLogicalName}.MainTab.Save.Controls._children" Sequence="65">
        <CommandUIDefinition>
          <Button Alt="$LocLabels:espl.ApplicationRibbon.Button1.Button.Alt" Command="new.ApplicationRibbon.OpenImageGallery.Command" Description="It will display images attached to notes " Id="espl.ApplicationRibbon.{!EntityLogicalName}.Button1.Button" Image32by32="$webresource:espl_button32.png" Image16by16="$webresource:espl_button16.png" LabelText="$LocLabels:espl.ApplicationRibbon.Button1.Button.LabelText" Sequence="65" TemplateAlias="o2" ToolTipTitle="$LocLabels:espl.ApplicationRibbon.Button1.Button.ToolTipTitle" ToolTipDescription="$LocLabels:espl.ApplicationRibbon.Button1.Button.ToolTipDescription" />
        </CommandUIDefinition>
      </CustomAction>
    </CustomActions>
    <Templates>
      <RibbonTemplates Id="Mscrm.Templates"></RibbonTemplates>
    </Templates>
    <CommandDefinitions>
      <CommandDefinition Id="new.ApplicationRibbon.OpenImageGallery.Command">
        <EnableRules />
        <DisplayRules />
        <Actions>
          <JavaScriptFunction FunctionName="openWindow" Library="$webresource:espl_CommandOpenGallary.js" />
        </Actions>
      </CommandDefinition>
    </CommandDefinitions>
    <RuleDefinitions>
      <TabDisplayRules />
      <DisplayRules />
      <EnableRules />
    </RuleDefinitions>
    <LocLabels>
      <LocLabel Id="espl.ApplicationRibbon.Button1.Button.Alt">
        <Titles>
          <Title description="Image Gallery" languagecode="1033" />
        </Titles>
      </LocLabel>
      <LocLabel Id="espl.ApplicationRibbon.Button1.Button.LabelText">
        <Titles>
          <Title description="Image Gallery" languagecode="1033" />
        </Titles>
      </LocLabel>
      <LocLabel Id="espl.ApplicationRibbon.Button1.Button.ToolTipDescription">
        <Titles>
          <Title description="It will display images attached to notes " languagecode="1033" />
        </Titles>
      </LocLabel>
      <LocLabel Id="espl.ApplicationRibbon.Button1.Button.ToolTipTitle">
        <Titles>
          <Title description="Image Gallery" languagecode="1033" />
        </Titles>
      </LocLabel>
    </LocLabels>
  </RibbonDiffXml>
  <EntityMaps />
  <EntityRelationships />
  <OrganizationSettings>
    <customization>
      <isappmode>False</isappmode>
    </customization>
  </OrganizationSettings>
  <optionsets />
  <WebResources>
    <WebResource>
      <WebResourceId>{7ec26304-98d8-e611-8131-c4346bdd31a1}</WebResourceId>
      <Name>espl_CommandOpenGallary.js</Name>
      <DisplayName>espl_CommandOpenGallary.js</DisplayName>
      <WebResourceType>3</WebResourceType>
      <IntroducedVersion>1.0</IntroducedVersion>
      <IsEnabledForMobileClient>0</IsEnabledForMobileClient>
      <IsAvailableForMobileOffline>0</IsAvailableForMobileOffline>
      <IsCustomizable>1</IsCustomizable>
      <CanBeDeleted>1</CanBeDeleted>
      <IsHidden>0</IsHidden>
      <FileName>/WebResources/espl_CommandOpenGallaryjs7EC26304-98D8-E611-8131-C4346BDD31A1</FileName>
    </WebResource>
    <WebResource>
      <WebResourceId>{80c26304-98d8-e611-8131-c4346bdd31a1}</WebResourceId>
      <Name>espl_ImageGallary.html</Name>
      <DisplayName>espl_ImageGallary.html</DisplayName>
      <WebResourceType>1</WebResourceType>
      <IntroducedVersion>1.0</IntroducedVersion>
      <IsEnabledForMobileClient>0</IsEnabledForMobileClient>
      <IsAvailableForMobileOffline>0</IsAvailableForMobileOffline>
      <DependencyXml>&lt;Dependencies&gt;&lt;Dependency componentType="WebResource"/&gt;&lt;/Dependencies&gt;</DependencyXml>
      <IsCustomizable>1</IsCustomizable>
      <CanBeDeleted>1</CanBeDeleted>
      <IsHidden>0</IsHidden>
      <FileName>/WebResources/espl_ImageGallaryhtml80C26304-98D8-E611-8131-C4346BDD31A1</FileName>
    </WebResource>
    <WebResource>
      <WebResourceId>{82c26304-98d8-e611-8131-c4346bdd31a1}</WebResourceId>
      <Name>espl_app.js</Name>
      <DisplayName>espl_app.js</DisplayName>
      <WebResourceType>3</WebResourceType>
      <IntroducedVersion>1.0</IntroducedVersion>
      <IsEnabledForMobileClient>0</IsEnabledForMobileClient>
      <IsAvailableForMobileOffline>0</IsAvailableForMobileOffline>
      <DependencyXml>&lt;Dependencies&gt;&lt;Dependency componentType="WebResource"/&gt;&lt;/Dependencies&gt;</DependencyXml>
      <IsCustomizable>1</IsCustomizable>
      <CanBeDeleted>1</CanBeDeleted>
      <IsHidden>0</IsHidden>
      <FileName>/WebResources/espl_appjs82C26304-98D8-E611-8131-C4346BDD31A1</FileName>
    </WebResource>
    <WebResource>
      <WebResourceId>{84c26304-98d8-e611-8131-c4346bdd31a1}</WebResourceId>
      <Name>espl_button16.png</Name>
      <DisplayName>espl_button16.png</DisplayName>
      <WebResourceType>5</WebResourceType>
      <IntroducedVersion>1.0</IntroducedVersion>
      <IsEnabledForMobileClient>0</IsEnabledForMobileClient>
      <IsAvailableForMobileOffline>0</IsAvailableForMobileOffline>
      <IsCustomizable>1</IsCustomizable>
      <CanBeDeleted>1</CanBeDeleted>
      <IsHidden>0</IsHidden>
      <FileName>/WebResources/espl_button16png84C26304-98D8-E611-8131-C4346BDD31A1</FileName>
    </WebResource>
    <WebResource>
      <WebResourceId>{86c26304-98d8-e611-8131-c4346bdd31a1}</WebResourceId>
      <Name>espl_button32.png</Name>
      <DisplayName>espl_button32.png</DisplayName>
      <WebResourceType>5</WebResourceType>
      <IntroducedVersion>1.0</IntroducedVersion>
      <IsEnabledForMobileClient>0</IsEnabledForMobileClient>
      <IsAvailableForMobileOffline>0</IsAvailableForMobileOffline>
      <IsCustomizable>1</IsCustomizable>
      <CanBeDeleted>1</CanBeDeleted>
      <IsHidden>0</IsHidden>
      <FileName>/WebResources/espl_button32png86C26304-98D8-E611-8131-C4346BDD31A1</FileName>
    </WebResource>
    <WebResource>
      <WebResourceId>{88c26304-98d8-e611-8131-c4346bdd31a1}</WebResourceId>
      <Name>espl_next.png</Name>
      <DisplayName>espl_next.png</DisplayName>
      <WebResourceType>5</WebResourceType>
      <IntroducedVersion>1.0</IntroducedVersion>
      <IsEnabledForMobileClient>0</IsEnabledForMobileClient>
      <IsAvailableForMobileOffline>0</IsAvailableForMobileOffline>
      <IsCustomizable>1</IsCustomizable>
      <CanBeDeleted>1</CanBeDeleted>
      <IsHidden>0</IsHidden>
      <FileName>/WebResources/espl_nextpng88C26304-98D8-E611-8131-C4346BDD31A1</FileName>
    </WebResource>
    <WebResource>
      <WebResourceId>{8ac26304-98d8-e611-8131-c4346bdd31a1}</WebResourceId>
      <Name>espl_prev.png</Name>
      <DisplayName>espl_prev.png</DisplayName>
      <WebResourceType>5</WebResourceType>
      <IntroducedVersion>1.0</IntroducedVersion>
      <IsEnabledForMobileClient>0</IsEnabledForMobileClient>
      <IsAvailableForMobileOffline>0</IsAvailableForMobileOffline>
      <IsCustomizable>1</IsCustomizable>
      <CanBeDeleted>1</CanBeDeleted>
      <IsHidden>0</IsHidden>
      <FileName>/WebResources/espl_prevpng8AC26304-98D8-E611-8131-C4346BDD31A1</FileName>
    </WebResource>
    <WebResource>
      <WebResourceId>{8cc26304-98d8-e611-8131-c4346bdd31a1}</WebResourceId>
      <Name>espl_style.css</Name>
      <DisplayName>espl_style.css</DisplayName>
      <WebResourceType>2</WebResourceType>
      <IntroducedVersion>1.0</IntroducedVersion>
      <IsEnabledForMobileClient>0</IsEnabledForMobileClient>
      <IsAvailableForMobileOffline>0</IsAvailableForMobileOffline>
      <DependencyXml>&lt;Dependencies&gt;&lt;Dependency componentType="WebResource"/&gt;&lt;/Dependencies&gt;</DependencyXml>
      <IsCustomizable>1</IsCustomizable>
      <CanBeDeleted>1</CanBeDeleted>
      <IsHidden>0</IsHidden>
      <FileName>/WebResources/espl_stylecss8CC26304-98D8-E611-8131-C4346BDD31A1</FileName>
    </WebResource>
  </WebResources>
  <Languages>
    <Language>1033</Language>
  </Languages>
</ImportExportXml>