<ImportExportXml version="8.2.0000.0764" SolutionPackageVersion="8.0" languagecode="1033" generatedBy="CrmLive" xmlns:xsi="http://www.w3.org/2001/XMLSchema-instance">
  <SolutionManifest>
    <UniqueName>NotesImageGallery</UniqueName>
    <LocalizedNames>
      <LocalizedName description="Notes Image Gallery" languagecode="1033" />
    </LocalizedNames>
    <Descriptions />
    <Version>1.0.1.2</Version>
    <Managed>0</Managed>
    <Publisher>
      <UniqueName>eternussolutionsprivatelimited</UniqueName>
      <LocalizedNames>
        <LocalizedName description="Eternus Solutions Private Limited" languagecode="1033" />
      </LocalizedNames>
      <Descriptions>
        <Description description="Web Resource - Which helps users to visualize the images attached to NOTES for any records, Administrator just has to place the &quot;espl_ImageGallery.html&quot; web resource  on required from and your are done." languagecode="1033" />
      </Descriptions>
      <EMailAddress>pramod.dhokane@eternussolutions.com</EMailAddress>
      <SupportingWebsiteUrl>http://www.eternussolutions.com/</SupportingWebsiteUrl>
      <CustomizationPrefix>espl</CustomizationPrefix>
      <CustomizationOptionValuePrefix>61294</CustomizationOptionValuePrefix>
      <Addresses>
        <Address>
          <AddressNumber>1</AddressNumber>
          <AddressTypeCode>1</AddressTypeCode>
          <City>Pune</City>
          <County xsi:nil="true"></County>
          <Country>India</Country>
          <Fax xsi:nil="true"></Fax>
          <FreightTermsCode xsi:nil="true"></FreightTermsCode>
          <ImportSequenceNumber xsi:nil="true"></ImportSequenceNumber>
          <Latitude xsi:nil="true"></Latitude>
          <Line1>6th, 7th Floor, NSG IT Park</Line1>
          <Line2>Above Chroma Showroom, Near To Sarja Hotel</Line2>
          <Line3 xsi:nil="true"></Line3>
          <Longitude xsi:nil="true"></Longitude>
          <Name xsi:nil="true"></Name>
          <PostalCode>411007</PostalCode>
          <PostOfficeBox xsi:nil="true"></PostOfficeBox>
          <PrimaryContactName xsi:nil="true"></PrimaryContactName>
          <ShippingMethodCode>1</ShippingMethodCode>
          <StateOrProvince>Maharastra</StateOrProvince>
          <Telephone1>+1-646-434-5450</Telephone1>
          <Telephone2 xsi:nil="true"></Telephone2>
          <Telephone3 xsi:nil="true"></Telephone3>
          <TimeZoneRuleVersionNumber xsi:nil="true"></TimeZoneRuleVersionNumber>
          <UPSZone xsi:nil="true"></UPSZone>
          <UTCOffset xsi:nil="true"></UTCOffset>
          <UTCConversionTimeZoneCode xsi:nil="true"></UTCConversionTimeZoneCode>
        </Address>
        <Address>
          <AddressNumber>2</AddressNumber>
          <AddressTypeCode>1</AddressTypeCode>
          <City xsi:nil="true"></City>
          <County xsi:nil="true"></County>
          <Country xsi:nil="true"></Country>
          <Fax xsi:nil="true"></Fax>
          <FreightTermsCode xsi:nil="true"></FreightTermsCode>
          <ImportSequenceNumber xsi:nil="true"></ImportSequenceNumber>
          <Latitude xsi:nil="true"></Latitude>
          <Line1 xsi:nil="true"></Line1>
          <Line2 xsi:nil="true"></Line2>
          <Line3 xsi:nil="true"></Line3>
          <Longitude xsi:nil="true"></Longitude>
          <Name xsi:nil="true"></Name>
          <PostalCode xsi:nil="true"></PostalCode>
          <PostOfficeBox xsi:nil="true"></PostOfficeBox>
          <PrimaryContactName xsi:nil="true"></PrimaryContactName>
          <ShippingMethodCode>1</ShippingMethodCode>
          <StateOrProvince xsi:nil="true"></StateOrProvince>
          <Telephone1 xsi:nil="true"></Telephone1>
          <Telephone2 xsi:nil="true"></Telephone2>
          <Telephone3 xsi:nil="true"></Telephone3>
          <TimeZoneRuleVersionNumber xsi:nil="true"></TimeZoneRuleVersionNumber>
          <UPSZone xsi:nil="true"></UPSZone>
          <UTCOffset xsi:nil="true"></UTCOffset>
          <UTCConversionTimeZoneCode xsi:nil="true"></UTCConversionTimeZoneCode>
        </Address>
      </Addresses>
    </Publisher>
    <RootComponents>
      <RootComponent type="50" schemaName=":RibbonDiffXml" behavior="0" />
      <RootComponent type="61" schemaName="espl_app.js" behavior="0" />
      <RootComponent type="61" schemaName="espl_button16.png" behavior="0" />
      <RootComponent type="61" schemaName="espl_button32.png" behavior="0" />
      <RootComponent type="61" schemaName="espl_CommandOpenGallary.js" behavior="0" />
      <RootComponent type="61" schemaName="espl_ImageGallary.html" behavior="0" />
      <RootComponent type="61" schemaName="espl_next.png" behavior="0" />
      <RootComponent type="61" schemaName="espl_prev.png" behavior="0" />
      <RootComponent type="61" schemaName="espl_style.css" behavior="0" />
    </RootComponents>
    <MissingDependencies />
  </SolutionManifest>
</ImportExportXml>