<ImportExportXml xmlns:xsi="http://www.w3.org/2001/XMLSchema-instance">
  <Entities></Entities>
  <Roles></Roles>
  <Workflows></Workflows>
  <FieldSecurityProfiles></FieldSecurityProfiles>
  <Templates />
  <EntityMaps />
  <EntityRelationships />
  <OrganizationSettings>
    <general>
      <fullnameconventioncode>1</fullnameconventioncode>
      <numberformat>us</numberformat>
      <negativeformatcode>1</negativeformatcode>
      <currencysymbol>$</currencysymbol>
      <currencyformatcode>0</currencyformatcode>
      <pricingdecimalprecision>2</pricingdecimalprecision>
      <sharetopreviousowneronassign>False</sharetopreviousowneronassign>
      <blockedattachments>ade;adp;app;asa;ashx;asmx;asp;bas;bat;cdx;cer;chm;class;cmd;com;config;cpl;crt;csh;dll;exe;fxp;hlp;hta;htr;htw;ida;idc;idq;inf;ins;isp;its;jar;js;jse;ksh;lnk;mad;maf;mag;mam;maq;mar;mas;mat;mau;mav;maw;mda;mdb;mde;mdt;mdw;mdz;msc;msh;msh1;msh1xml;msh2;msh2xml;mshxml;msi;msp;mst;ops;pcd;pif;prf;prg;printer;pst;reg;rem;scf;scr;sct;shb;shs;shtm;shtml;soap;stm;tmp;url;vb;vbe;vbs;vsmacros;vss;vst;vsw;ws;wsc;wsf;wsh</blockedattachments>
      <getstartedpanecontentenabled>True</getstartedpanecontentenabled>
      <ispresenceenabled>True</ispresenceenabled>
      <isautosaveenabled>True</isautosaveenabled>
      <globalhelpurl></globalhelpurl>
      <globalhelpurlenabled>False</globalhelpurlenabled>
      <globalappendurlparametersenabled>False</globalappendurlparametersenabled>
    </general>
    <customization>
      <isappmode>False</isappmode>
    </customization>
  </OrganizationSettings>
  <optionsets />
  <WebResources>
    <WebResource>
      <WebResourceId>{9b3f2e63-7fd1-e611-811a-c4346bdcbf81}</WebResourceId>
      <Name>espl_ImageGallary.html</Name>
      <DisplayName>espl_ImageGallary.html</DisplayName>
      <WebResourceType>1</WebResourceType>
      <IntroducedVersion>1.0</IntroducedVersion>
      <IsEnabledForMobileClient>0</IsEnabledForMobileClient>
      <IsCustomizable>1</IsCustomizable>
      <CanBeDeleted>1</CanBeDeleted>
      <IsHidden>0</IsHidden>
      <FileName>/WebResources/espl_ImageGallaryhtml9B3F2E63-7FD1-E611-811A-C4346BDCBF81</FileName>
    </WebResource>
    <WebResource>
      <WebResourceId>{9d3f2e63-7fd1-e611-811a-c4346bdcbf81}</WebResourceId>
      <Name>espl_app.js</Name>
      <DisplayName>espl_app.js</DisplayName>
      <WebResourceType>3</WebResourceType>
      <IntroducedVersion>1.0</IntroducedVersion>
      <IsEnabledForMobileClient>0</IsEnabledForMobileClient>
      <IsCustomizable>1</IsCustomizable>
      <CanBeDeleted>1</CanBeDeleted>
      <IsHidden>0</IsHidden>
      <FileName>/WebResources/espl_appjs9D3F2E63-7FD1-E611-811A-C4346BDCBF81</FileName>
    </WebResource>
    <WebResource>
      <WebResourceId>{9f3f2e63-7fd1-e611-811a-c4346bdcbf81}</WebResourceId>
      <Name>espl_next.png</Name>
      <DisplayName>espl_next.png</DisplayName>
      <WebResourceType>5</WebResourceType>
      <IntroducedVersion>1.0</IntroducedVersion>
      <IsEnabledForMobileClient>0</IsEnabledForMobileClient>
      <IsCustomizable>1</IsCustomizable>
      <CanBeDeleted>1</CanBeDeleted>
      <IsHidden>0</IsHidden>
      <FileName>/WebResources/espl_nextpng9F3F2E63-7FD1-E611-811A-C4346BDCBF81</FileName>
    </WebResource>
    <WebResource>
      <WebResourceId>{a13f2e63-7fd1-e611-811a-c4346bdcbf81}</WebResourceId>
      <Name>espl_prev.png</Name>
      <DisplayName>espl_prev.png</DisplayName>
      <WebResourceType>5</WebResourceType>
      <IntroducedVersion>1.0</IntroducedVersion>
      <IsEnabledForMobileClient>0</IsEnabledForMobileClient>
      <IsCustomizable>1</IsCustomizable>
      <CanBeDeleted>1</CanBeDeleted>
      <IsHidden>0</IsHidden>
      <FileName>/WebResources/espl_prevpngA13F2E63-7FD1-E611-811A-C4346BDCBF81</FileName>
    </WebResource>
    <WebResource>
      <WebResourceId>{a33f2e63-7fd1-e611-811a-c4346bdcbf81}</WebResourceId>
      <Name>espl_style.css</Name>
      <DisplayName>espl_style.css</DisplayName>
      <WebResourceType>2</WebResourceType>
      <IntroducedVersion>1.0</IntroducedVersion>
      <IsEnabledForMobileClient>0</IsEnabledForMobileClient>
      <IsCustomizable>1</IsCustomizable>
      <CanBeDeleted>1</CanBeDeleted>
      <IsHidden>0</IsHidden>
      <FileName>/WebResources/espl_stylecssA33F2E63-7FD1-E611-811A-C4346BDCBF81</FileName>
    </WebResource>
  </WebResources>
  <Languages>
    <Language>1033</Language>
  </Languages>
</ImportExportXml>